date,state,district,market,commodity,variety,min_price,max_price,modal_price,arrivals_tonnes
2024-07-01,Maharashtra,Nashik,Nashik,Onion,Red,1268.0,1508.0,1388.0,49.63856823568688
2024-07-02,Maharashtra,Nashik,Nashik,Onion,Red,1270.0,1510.0,1390.0,50.097835651233396
2024-07-03,Maharashtra,Nashik,Nashik,Onion,Red,1279.0,1519.0,1399.0,69.42185450708456
2024-07-04,Maharashtra,Nashik,Nashik,Onion,Red,1348.0,1588.0,1468.0,32.687802772650684
2024-07-05,Maharashtra,Nashik,Nashik,Onion,Red,1285.0,1525.0,1405.0,54.85767970207398
2024-07-06,Maharashtra,Nashik,Nashik,Onion,Red,1179.0,1419.0,1299.0,35.29168632551561
2024-07-07,Maharashtra,Nashik,Nashik,Onion,Red,1330.0,1570.0,1450.0,24.184292178768132
2024-07-08,Maharashtra,Nashik,Nashik,Onion,Red,1285.0,1525.0,1405.0,29.791672085120627
2024-07-09,Maharashtra,Nashik,Nashik,Onion,Red,1293.0,1533.0,1413.0,36.18231444291627
2024-07-10,Maharashtra,Nashik,Nashik,Onion,Red,1324.0,1564.0,1444.0,60.69025439420702
2024-07-11,Maharashtra,Nashik,Nashik,Onion,Red,1337.0,1577.0,1457.0,41.316395870342305
2024-07-12,Maharashtra,Nashik,Nashik,Onion,Red,1415.0,1655.0,1535.0,47.725423407185815
2024-07-13,Maharashtra,Nashik,Nashik,Onion,Red,1379.0,1619.0,1499.0,38.36487239820106
2024-07-14,Maharashtra,Nashik,Nashik,Onion,Red,1339.0,1579.0,1459.0,56.10950478224745
2024-07-15,Maharashtra,Nashik,Nashik,Onion,Red,1275.0,1515.0,1395.0,38.98038475499186
2024-07-16,Maharashtra,Nashik,Nashik,Onion,Red,1256.0,1496.0,1376.0,63.17652176005165
2024-07-17,Maharashtra,Nashik,Nashik,Onion,Red,1361.0,1601.0,1481.0,40.068945857327186
2024-07-18,Maharashtra,Nashik,Nashik,Onion,Red,1450.0,1690.0,1570.0,42.35172562021375
2024-07-19,Maharashtra,Nashik,Nashik,Onion,Red,1352.0,1592.0,1472.0,51.227410454024316
2024-07-20,Maharashtra,Nashik,Nashik,Onion,Red,1344.0,1584.0,1464.0,50.24711220827864
2024-07-21,Maharashtra,Nashik,Nashik,Onion,Red,1399.0,1639.0,1519.0,64.24690088752885
2024-07-22,Maharashtra,Nashik,Nashik,Onion,Red,1244.0,1484.0,1364.0,51.204072880931705
2024-07-23,Maharashtra,Nashik,Nashik,Onion,Red,1339.0,1579.0,1459.0,37.92165711639125
2024-07-24,Maharashtra,Nashik,Nashik,Onion,Red,1407.0,1647.0,1527.0,44.39664725903685
2024-07-25,Maharashtra,Nashik,Nashik,Onion,Red,1442.0,1682.0,1562.0,44.27216056632166
2024-07-26,Maharashtra,Nashik,Nashik,Onion,Red,1357.0,1597.0,1477.0,57.25042221131241
2024-07-27,Maharashtra,Nashik,Nashik,Onion,Red,1410.0,1650.0,1530.0,53.8379300881221
2024-07-28,Maharashtra,Nashik,Nashik,Onion,Red,1403.0,1643.0,1523.0,48.80608976987863
2024-07-29,Maharashtra,Nashik,Nashik,Onion,Red,1450.0,1690.0,1570.0,58.69607220003385
2024-07-30,Maharashtra,Nashik,Nashik,Onion,Red,1302.0,1542.0,1422.0,44.71503582821731
2024-07-31,Maharashtra,Nashik,Nashik,Onion,Red,1340.0,1580.0,1460.0,48.637662516879
2024-08-01,Maharashtra,Nashik,Nashik,Onion,Red,1178.0,1418.0,1298.0,51.80760404333287
2024-08-02,Maharashtra,Nashik,Nashik,Onion,Red,1093.0,1333.0,1213.0,65.28181282764778
2024-08-03,Maharashtra,Nashik,Nashik,Onion,Red,1258.0,1498.0,1378.0,49.01466819676408
2024-08-04,Maharashtra,Nashik,Nashik,Onion,Red,1237.0,1477.0,1357.0,46.49201091185265
2024-08-05,Maharashtra,Nashik,Nashik,Onion,Red,1384.0,1624.0,1504.0,39.54162962287709
2024-08-06,Maharashtra,Nashik,Nashik,Onion,Red,1371.0,1611.0,1491.0,56.860521833164604
2024-08-07,Maharashtra,Nashik,Nashik,Onion,Red,1224.0,1464.0,1344.0,44.1235462575296
2024-08-08,Maharashtra,Nashik,Nashik,Onion,Red,1393.0,1633.0,1513.0,53.436850178678995
2024-08-09,Maharashtra,Nashik,Nashik,Onion,Red,1249.0,1489.0,1369.0,30.98390109610288
2024-08-10,Maharashtra,Nashik,Nashik,Onion,Red,1326.0,1566.0,1446.0,60.431869588150114
2024-08-11,Maharashtra,Nashik,Nashik,Onion,Red,1314.0,1554.0,1434.0,36.68062232011396
2024-08-12,Maharashtra,Nashik,Nashik,Onion,Red,1350.0,1590.0,1470.0,42.22657636424584
2024-08-13,Maharashtra,Nashik,Nashik,Onion,Red,1410.0,1650.0,1530.0,60.58581134852639
2024-08-14,Maharashtra,Nashik,Nashik,Onion,Red,1400.0,1640.0,1520.0,36.65529264025614
2024-08-15,Maharashtra,Nashik,Nashik,Onion,Red,1380.0,1620.0,1500.0,49.20544964626765
2024-08-16,Maharashtra,Nashik,Nashik,Onion,Red,1408.0,1648.0,1528.0,50.742560810804896
2024-08-17,Maharashtra,Nashik,Nashik,Onion,Red,1398.0,1638.0,1518.0,40.014431866671565
2024-08-18,Maharashtra,Nashik,Nashik,Onion,Red,1314.0,1554.0,1434.0,63.42933001549973
2024-08-19,Maharashtra,Nashik,Nashik,Onion,Red,1310.0,1550.0,1430.0,64.98778302324418
2024-08-20,Maharashtra,Nashik,Nashik,Onion,Red,1334.0,1574.0,1454.0,30.28382496405048
2024-08-21,Maharashtra,Nashik,Nashik,Onion,Red,1415.0,1655.0,1535.0,35.51009702601495
2024-08-22,Maharashtra,Nashik,Nashik,Onion,Red,1359.0,1599.0,1479.0,58.08232202493007
2024-08-23,Maharashtra,Nashik,Nashik,Onion,Red,1570.0,1810.0,1690.0,36.96975864632685
2024-08-24,Maharashtra,Nashik,Nashik,Onion,Red,1321.0,1561.0,1441.0,46.11362646432978
2024-08-25,Maharashtra,Nashik,Nashik,Onion,Red,1303.0,1543.0,1423.0,51.29552088333833
2024-08-26,Maharashtra,Nashik,Nashik,Onion,Red,1456.0,1696.0,1576.0,56.918500823133606
2024-08-27,Maharashtra,Nashik,Nashik,Onion,Red,1512.0,1752.0,1632.0,47.7674740558869
2024-08-28,Maharashtra,Nashik,Nashik,Onion,Red,1443.0,1683.0,1563.0,50.952209198020384
2024-08-29,Maharashtra,Nashik,Nashik,Onion,Red,1473.0,1713.0,1593.0,42.232670826495195
2024-08-30,Maharashtra,Nashik,Nashik,Onion,Red,1424.0,1664.0,1544.0,62.92361598433893
2024-08-31,Maharashtra,Nashik,Nashik,Onion,Red,1306.0,1546.0,1426.0,45.04686143098216
2024-09-01,Maharashtra,Nashik,Nashik,Onion,Red,1204.0,1444.0,1324.0,53.39732887576003
2024-09-02,Maharashtra,Nashik,Nashik,Onion,Red,1279.0,1519.0,1399.0,44.88361913416766
2024-09-03,Maharashtra,Nashik,Nashik,Onion,Red,1402.0,1642.0,1522.0,51.06323490734434
2024-09-04,Maharashtra,Nashik,Nashik,Onion,Red,1214.0,1454.0,1334.0,48.31836895600035
2024-09-05,Maharashtra,Nashik,Nashik,Onion,Red,1336.0,1576.0,1456.0,48.37535828434896
2024-09-06,Maharashtra,Nashik,Nashik,Onion,Red,1357.0,1597.0,1477.0,39.86219141789503
2024-09-07,Maharashtra,Nashik,Nashik,Onion,Red,1315.0,1555.0,1435.0,57.964127942380365
2024-09-08,Maharashtra,Nashik,Nashik,Onion,Red,1402.0,1642.0,1522.0,64.1404241673826
2024-09-09,Maharashtra,Nashik,Nashik,Onion,Red,1395.0,1635.0,1515.0,52.43148097779433
2024-09-10,Maharashtra,Nashik,Nashik,Onion,Red,1538.0,1778.0,1658.0,57.32335273747715
2024-09-11,Maharashtra,Nashik,Nashik,Onion,Red,1406.0,1646.0,1526.0,58.380678807185795
2024-09-12,Maharashtra,Nashik,Nashik,Onion,Red,1311.0,1551.0,1431.0,59.279857809906794
2024-09-13,Maharashtra,Nashik,Nashik,Onion,Red,1319.0,1559.0,1439.0,53.033567513591166
2024-09-14,Maharashtra,Nashik,Nashik,Onion,Red,1301.0,1541.0,1421.0,52.122572799824
2024-09-15,Maharashtra,Nashik,Nashik,Onion,Red,1448.0,1688.0,1568.0,58.6400727202079
2024-09-16,Maharashtra,Nashik,Nashik,Onion,Red,1330.0,1570.0,1450.0,50.68832325602783
2024-09-17,Maharashtra,Nashik,Nashik,Onion,Red,1373.0,1613.0,1493.0,40.260816062350465
2024-09-18,Maharashtra,Nashik,Nashik,Onion,Red,1443.0,1683.0,1563.0,50.238483544559315
2024-09-19,Maharashtra,Nashik,Nashik,Onion,Red,1329.0,1569.0,1449.0,31.11584608460558
2024-09-20,Maharashtra,Nashik,Nashik,Onion,Red,1367.0,1607.0,1487.0,49.940997612449046
2024-09-21,Maharashtra,Nashik,Nashik,Onion,Red,1247.0,1487.0,1367.0,54.13372336297499
2024-09-22,Maharashtra,Nashik,Nashik,Onion,Red,1312.0,1552.0,1432.0,62.35980776313953
2024-09-23,Maharashtra,Nashik,Nashik,Onion,Red,1357.0,1597.0,1477.0,51.51277277397092
2024-09-24,Maharashtra,Nashik,Nashik,Onion,Red,1439.0,1679.0,1559.0,59.2813982118155
2024-09-25,Maharashtra,Nashik,Nashik,Onion,Red,1505.0,1745.0,1625.0,49.99462485808591
2024-09-26,Maharashtra,Nashik,Nashik,Onion,Red,1412.0,1652.0,1532.0,39.7652365395319
2024-09-27,Maharashtra,Nashik,Nashik,Onion,Red,1438.0,1678.0,1558.0,35.88620282280706
2024-09-28,Maharashtra,Nashik,Nashik,Onion,Red,1435.0,1675.0,1555.0,40.302656218627206
2024-09-29,Maharashtra,Nashik,Nashik,Onion,Red,1412.0,1652.0,1532.0,36.33852281353196
2024-09-30,Maharashtra,Nashik,Nashik,Onion,Red,1400.0,1640.0,1520.0,56.33707810519258
2024-10-01,Maharashtra,Nashik,Nashik,Onion,Red,1355.0,1595.0,1475.0,47.92385314301702
2024-10-02,Maharashtra,Nashik,Nashik,Onion,Red,1256.0,1496.0,1376.0,55.70314890015316
2024-10-03,Maharashtra,Nashik,Nashik,Onion,Red,1413.0,1653.0,1533.0,50.734314298314835
2024-10-04,Maharashtra,Nashik,Nashik,Onion,Red,1375.0,1615.0,1495.0,60.44049544722134
2024-10-05,Maharashtra,Nashik,Nashik,Onion,Red,1446.0,1686.0,1566.0,60.60192790888837
2024-10-06,Maharashtra,Nashik,Nashik,Onion,Red,1349.0,1589.0,1469.0,43.54661992222848
2024-10-07,Maharashtra,Nashik,Nashik,Onion,Red,1512.0,1752.0,1632.0,47.256840390548994
2024-10-08,Maharashtra,Nashik,Nashik,Onion,Red,1331.0,1571.0,1451.0,44.671714132253825
2024-10-09,Maharashtra,Nashik,Nashik,Onion,Red,1491.0,1731.0,1611.0,33.78687924259059
2024-10-10,Maharashtra,Nashik,Nashik,Onion,Red,1376.0,1616.0,1496.0,56.75217145400872
2024-10-11,Maharashtra,Nashik,Nashik,Onion,Red,1330.0,1570.0,1450.0,61.88794788193607
2024-10-12,Maharashtra,Nashik,Nashik,Onion,Red,1285.0,1525.0,1405.0,49.93571608725803
2024-10-13,Maharashtra,Nashik,Nashik,Onion,Red,1367.0,1607.0,1487.0,45.06807781550999
2024-10-14,Maharashtra,Nashik,Nashik,Onion,Red,1496.0,1736.0,1616.0,60.90905028889556
2024-10-15,Maharashtra,Nashik,Nashik,Onion,Red,1452.0,1692.0,1572.0,26.55037710984509
2024-10-16,Maharashtra,Nashik,Nashik,Onion,Red,1445.0,1685.0,1565.0,51.77475195935374
2024-10-17,Maharashtra,Nashik,Nashik,Onion,Red,1204.0,1444.0,1324.0,51.43283974100292
2024-10-18,Maharashtra,Nashik,Nashik,Onion,Red,1455.0,1695.0,1575.0,44.29142945474527
2024-10-19,Maharashtra,Nashik,Nashik,Onion,Red,1446.0,1686.0,1566.0,63.915745307593745
2024-10-20,Maharashtra,Nashik,Nashik,Onion,Red,1362.0,1602.0,1482.0,59.70735419054493
2024-10-21,Maharashtra,Nashik,Nashik,Onion,Red,1359.0,1599.0,1479.0,47.38842752302043
2024-10-22,Maharashtra,Nashik,Nashik,Onion,Red,1413.0,1653.0,1533.0,49.133040099481654
2024-10-23,Maharashtra,Nashik,Nashik,Onion,Red,1555.0,1795.0,1675.0,46.119760364512935
2024-10-24,Maharashtra,Nashik,Nashik,Onion,Red,1336.0,1576.0,1456.0,44.878800913456985
2024-10-25,Maharashtra,Nashik,Nashik,Onion,Red,1390.0,1630.0,1510.0,36.918000731361346
2024-10-26,Maharashtra,Nashik,Nashik,Onion,Red,1537.0,1777.0,1657.0,63.79948453696386
2024-10-27,Maharashtra,Nashik,Nashik,Onion,Red,1397.0,1637.0,1517.0,60.28000150290703
2024-10-28,Maharashtra,Nashik,Nashik,Onion,Red,1407.0,1647.0,1527.0,57.98166331139454
2024-10-29,Maharashtra,Nashik,Nashik,Onion,Red,1348.0,1588.0,1468.0,39.05664080223923
2024-10-30,Maharashtra,Nashik,Nashik,Onion,Red,1245.0,1485.0,1365.0,70.80845164633334
2024-10-31,Maharashtra,Nashik,Nashik,Onion,Red,1365.0,1605.0,1485.0,69.80165265557265
2024-11-01,Maharashtra,Nashik,Nashik,Onion,Red,1255.0,1495.0,1375.0,51.88057169001286
2024-11-02,Maharashtra,Nashik,Nashik,Onion,Red,1426.0,1666.0,1546.0,40.95779347860024
2024-11-03,Maharashtra,Nashik,Nashik,Onion,Red,1359.0,1599.0,1479.0,41.33569916455832
2024-11-04,Maharashtra,Nashik,Nashik,Onion,Red,1546.0,1786.0,1666.0,54.18548631088488
2024-11-05,Maharashtra,Nashik,Nashik,Onion,Red,1389.0,1629.0,1509.0,40.86985859722428
2024-11-06,Maharashtra,Nashik,Nashik,Onion,Red,1480.0,1720.0,1600.0,49.65789115743278
2024-11-07,Maharashtra,Nashik,Nashik,Onion,Red,1270.0,1510.0,1390.0,60.88644709786763
2024-11-08,Maharashtra,Nashik,Nashik,Onion,Red,1369.0,1609.0,1489.0,34.93176256316866
2024-11-09,Maharashtra,Nashik,Nashik,Onion,Red,1408.0,1648.0,1528.0,70.05728695595724
2024-11-10,Maharashtra,Nashik,Nashik,Onion,Red,1526.0,1766.0,1646.0,65.66708408996246
2024-11-11,Maharashtra,Nashik,Nashik,Onion,Red,1255.0,1495.0,1375.0,37.629141503625405
2024-11-12,Maharashtra,Nashik,Nashik,Onion,Red,1473.0,1713.0,1593.0,35.863587057529585
2024-11-13,Maharashtra,Nashik,Nashik,Onion,Red,1445.0,1685.0,1565.0,47.16578146440535
2024-11-14,Maharashtra,Nashik,Nashik,Onion,Red,1524.0,1764.0,1644.0,39.68856799699634
2024-11-15,Maharashtra,Nashik,Nashik,Onion,Red,1462.0,1702.0,1582.0,47.36279173089478
2024-11-16,Maharashtra,Nashik,Nashik,Onion,Red,1413.0,1653.0,1533.0,24.18814034591579
2024-11-17,Maharashtra,Nashik,Nashik,Onion,Red,1371.0,1611.0,1491.0,47.7129794479802
2024-11-18,Maharashtra,Nashik,Nashik,Onion,Red,1317.0,1557.0,1437.0,68.02856471578818
2024-11-19,Maharashtra,Nashik,Nashik,Onion,Red,1436.0,1676.0,1556.0,38.83405299262371
2024-11-20,Maharashtra,Nashik,Nashik,Onion,Red,1409.0,1649.0,1529.0,47.2693116317061
2024-11-21,Maharashtra,Nashik,Nashik,Onion,Red,1590.0,1830.0,1710.0,35.1039079905912
2024-11-22,Maharashtra,Nashik,Nashik,Onion,Red,1383.0,1623.0,1503.0,56.382375252419706
2024-11-23,Maharashtra,Nashik,Nashik,Onion,Red,1461.0,1701.0,1581.0,47.74680810752845
2024-11-24,Maharashtra,Nashik,Nashik,Onion,Red,1314.0,1554.0,1434.0,69.40733059659233
2024-11-25,Maharashtra,Nashik,Nashik,Onion,Red,1412.0,1652.0,1532.0,52.068394434394
2024-11-26,Maharashtra,Nashik,Nashik,Onion,Red,1468.0,1708.0,1588.0,46.27820031761331
2024-11-27,Maharashtra,Nashik,Nashik,Onion,Red,1517.0,1757.0,1637.0,55.50272495755784
2024-11-28,Maharashtra,Nashik,Nashik,Onion,Red,1471.0,1711.0,1591.0,44.93772040811905
2024-11-29,Maharashtra,Nashik,Nashik,Onion,Red,1355.0,1595.0,1475.0,36.60691822180748
2024-11-30,Maharashtra,Nashik,Nashik,Onion,Red,1273.0,1513.0,1393.0,53.01947769788607
2024-12-01,Maharashtra,Nashik,Nashik,Onion,Red,1403.0,1643.0,1523.0,48.25131201791496
2024-12-02,Maharashtra,Nashik,Nashik,Onion,Red,1412.0,1652.0,1532.0,51.66315050338862
2024-12-03,Maharashtra,Nashik,Nashik,Onion,Red,1413.0,1653.0,1533.0,53.754573325600646
2024-12-04,Maharashtra,Nashik,Nashik,Onion,Red,1322.0,1562.0,1442.0,44.89680328405545
2024-12-05,Maharashtra,Nashik,Nashik,Onion,Red,1473.0,1713.0,1593.0,54.215763724924535
2024-12-06,Maharashtra,Nashik,Nashik,Onion,Red,1393.0,1633.0,1513.0,67.37696573143212
2024-12-07,Maharashtra,Nashik,Nashik,Onion,Red,1445.0,1685.0,1565.0,38.92200470274834
2024-12-08,Maharashtra,Nashik,Nashik,Onion,Red,1495.0,1735.0,1615.0,67.37425507234114
2024-12-09,Maharashtra,Nashik,Nashik,Onion,Red,1446.0,1686.0,1566.0,47.57196749010386
2024-12-10,Maharashtra,Nashik,Nashik,Onion,Red,1424.0,1664.0,1544.0,42.333733541506504
2024-12-11,Maharashtra,Nashik,Nashik,Onion,Red,1577.0,1817.0,1697.0,74.27220571151791
2024-12-12,Maharashtra,Nashik,Nashik,Onion,Red,1428.0,1668.0,1548.0,51.55021633125248
2024-12-13,Maharashtra,Nashik,Nashik,Onion,Red,1389.0,1629.0,1509.0,63.70403004591184
2024-12-14,Maharashtra,Nashik,Nashik,Onion,Red,1425.0,1665.0,1545.0,58.17594240917867
2024-12-15,Maharashtra,Nashik,Nashik,Onion,Red,1539.0,1779.0,1659.0,33.19405174960275
2024-12-16,Maharashtra,Nashik,Nashik,Onion,Red,1433.0,1673.0,1553.0,51.20819598652518
2024-12-17,Maharashtra,Nashik,Nashik,Onion,Red,1469.0,1709.0,1589.0,44.74680240329337
2024-12-18,Maharashtra,Nashik,Nashik,Onion,Red,1527.0,1767.0,1647.0,36.58207405004096
2024-12-19,Maharashtra,Nashik,Nashik,Onion,Red,1394.0,1634.0,1514.0,32.282886336802264
2024-12-20,Maharashtra,Nashik,Nashik,Onion,Red,1301.0,1541.0,1421.0,51.022902437238855
2024-12-21,Maharashtra,Nashik,Nashik,Onion,Red,1467.0,1707.0,1587.0,55.90253010799071
2024-12-22,Maharashtra,Nashik,Nashik,Onion,Red,1465.0,1705.0,1585.0,53.90668185236196
2024-12-23,Maharashtra,Nashik,Nashik,Onion,Red,1402.0,1642.0,1522.0,46.94171444838845
2024-12-24,Maharashtra,Nashik,Nashik,Onion,Red,1524.0,1764.0,1644.0,42.014830203918336
2024-12-25,Maharashtra,Nashik,Nashik,Onion,Red,1507.0,1747.0,1627.0,40.131388183829266
2024-12-26,Maharashtra,Nashik,Nashik,Onion,Red,1383.0,1623.0,1503.0,44.448394055405494
2024-12-27,Maharashtra,Nashik,Nashik,Onion,Red,1508.0,1748.0,1628.0,39.669447968792674
2024-12-28,Maharashtra,Nashik,Nashik,Onion,Red,1354.0,1594.0,1474.0,47.967253487001315
2024-12-29,Maharashtra,Nashik,Nashik,Onion,Red,1255.0,1495.0,1375.0,49.771129160312626
2024-12-30,Maharashtra,Nashik,Nashik,Onion,Red,1414.0,1654.0,1534.0,41.04011835056039
2024-12-31,Maharashtra,Nashik,Nashik,Onion,Red,1378.0,1618.0,1498.0,47.67949865569986
2025-01-01,Maharashtra,Nashik,Nashik,Onion,Red,1326.0,1566.0,1446.0,42.39679961511599
2025-01-02,Maharashtra,Nashik,Nashik,Onion,Red,1431.0,1671.0,1551.0,49.95527594747949
2025-01-03,Maharashtra,Nashik,Nashik,Onion,Red,1432.0,1672.0,1552.0,55.070877079547294
2025-01-04,Maharashtra,Nashik,Nashik,Onion,Red,1351.0,1591.0,1471.0,51.7812523394876
2025-01-05,Maharashtra,Nashik,Nashik,Onion,Red,1433.0,1673.0,1553.0,54.72150874491026
2025-01-06,Maharashtra,Nashik,Nashik,Onion,Red,1486.0,1726.0,1606.0,33.47985422392128
2025-01-07,Maharashtra,Nashik,Nashik,Onion,Red,1351.0,1591.0,1471.0,46.21303501421496
2025-01-08,Maharashtra,Nashik,Nashik,Onion,Red,1443.0,1683.0,1563.0,52.76739376730791
2025-01-09,Maharashtra,Nashik,Nashik,Onion,Red,1416.0,1656.0,1536.0,56.411624595913324
2025-01-10,Maharashtra,Nashik,Nashik,Onion,Red,1601.0,1841.0,1721.0,34.01996637259892
2025-01-11,Maharashtra,Nashik,Nashik,Onion,Red,1275.0,1515.0,1395.0,51.591782538180055
2025-01-12,Maharashtra,Nashik,Nashik,Onion,Red,1483.0,1723.0,1603.0,62.06420648531631
2025-01-13,Maharashtra,Nashik,Nashik,Onion,Red,1407.0,1647.0,1527.0,48.21389304187818
2025-01-14,Maharashtra,Nashik,Nashik,Onion,Red,1427.0,1667.0,1547.0,49.05241888523265
2025-01-15,Maharashtra,Nashik,Nashik,Onion,Red,1591.0,1831.0,1711.0,54.50456882026013
2025-01-16,Maharashtra,Nashik,Nashik,Onion,Red,1442.0,1682.0,1562.0,52.47118183957454
2025-01-17,Maharashtra,Nashik,Nashik,Onion,Red,1626.0,1866.0,1746.0,56.74637350258546
2025-01-18,Maharashtra,Nashik,Nashik,Onion,Red,1415.0,1655.0,1535.0,50.72413864084908
2025-01-19,Maharashtra,Nashik,Nashik,Onion,Red,1482.0,1722.0,1602.0,51.5249607035272
2025-01-20,Maharashtra,Nashik,Nashik,Onion,Red,1419.0,1659.0,1539.0,42.17555562858967
2025-01-21,Maharashtra,Nashik,Nashik,Onion,Red,1407.0,1647.0,1527.0,48.29562138637898
2025-01-22,Maharashtra,Nashik,Nashik,Onion,Red,1471.0,1711.0,1591.0,62.53122037268651
2025-01-23,Maharashtra,Nashik,Nashik,Onion,Red,1447.0,1687.0,1567.0,47.958302443406964
2025-01-24,Maharashtra,Nashik,Nashik,Onion,Red,1490.0,1730.0,1610.0,48.31435720518704
2025-01-25,Maharashtra,Nashik,Nashik,Onion,Red,1309.0,1549.0,1429.0,45.08496628080489
2025-01-26,Maharashtra,Nashik,Nashik,Onion,Red,1641.0,1881.0,1761.0,57.871858824407155
2025-01-27,Maharashtra,Nashik,Nashik,Onion,Red,1372.0,1612.0,1492.0,41.453209223372184
2025-01-28,Maharashtra,Nashik,Nashik,Onion,Red,1528.0,1768.0,1648.0,59.105021950520495
2025-01-29,Maharashtra,Nashik,Nashik,Onion,Red,1312.0,1552.0,1432.0,40.630266057395346
2025-01-30,Maharashtra,Nashik,Nashik,Onion,Red,1420.0,1660.0,1540.0,39.422188748567116
2025-01-31,Maharashtra,Nashik,Nashik,Onion,Red,1654.0,1894.0,1774.0,52.0593946209411
2025-02-01,Maharashtra,Nashik,Nashik,Onion,Red,1335.0,1575.0,1455.0,51.3017946960181
2025-02-02,Maharashtra,Nashik,Nashik,Onion,Red,1288.0,1528.0,1408.0,52.97557303013907
2025-02-03,Maharashtra,Nashik,Nashik,Onion,Red,1368.0,1608.0,1488.0,60.625371208893995
2025-02-04,Maharashtra,Nashik,Nashik,Onion,Red,1453.0,1693.0,1573.0,45.875040347996865
2025-02-05,Maharashtra,Nashik,Nashik,Onion,Red,1475.0,1715.0,1595.0,54.429935928939486
2025-02-06,Maharashtra,Nashik,Nashik,Onion,Red,1527.0,1767.0,1647.0,40.901827346508085
2025-02-07,Maharashtra,Nashik,Nashik,Onion,Red,1407.0,1647.0,1527.0,62.59169029698878
2025-02-08,Maharashtra,Nashik,Nashik,Onion,Red,1303.0,1543.0,1423.0,56.32458666420014
2025-02-09,Maharashtra,Nashik,Nashik,Onion,Red,1400.0,1640.0,1520.0,55.365187653532374
2025-02-10,Maharashtra,Nashik,Nashik,Onion,Red,1538.0,1778.0,1658.0,51.87878491309786
2025-02-11,Maharashtra,Nashik,Nashik,Onion,Red,1480.0,1720.0,1600.0,42.14400555860935
2025-02-12,Maharashtra,Nashik,Nashik,Onion,Red,1290.0,1530.0,1410.0,46.72628438332611
2025-02-13,Maharashtra,Nashik,Nashik,Onion,Red,1447.0,1687.0,1567.0,55.01779461825015
2025-02-14,Maharashtra,Nashik,Nashik,Onion,Red,1566.0,1806.0,1686.0,49.80815880463856
2025-02-15,Maharashtra,Nashik,Nashik,Onion,Red,1628.0,1868.0,1748.0,51.237446624715915
2025-02-16,Maharashtra,Nashik,Nashik,Onion,Red,1507.0,1747.0,1627.0,36.40180493198292
2025-02-17,Maharashtra,Nashik,Nashik,Onion,Red,1490.0,1730.0,1610.0,51.81093979876247
2025-02-18,Maharashtra,Nashik,Nashik,Onion,Red,1370.0,1610.0,1490.0,43.080726098590986
2025-02-19,Maharashtra,Nashik,Nashik,Onion,Red,1406.0,1646.0,1526.0,39.16663446247726
2025-02-20,Maharashtra,Nashik,Nashik,Onion,Red,1481.0,1721.0,1601.0,48.453146104804524
2025-02-21,Maharashtra,Nashik,Nashik,Onion,Red,1521.0,1761.0,1641.0,31.434957473873816
2025-02-22,Maharashtra,Nashik,Nashik,Onion,Red,1531.0,1771.0,1651.0,56.98569990406096
2025-02-23,Maharashtra,Nashik,Nashik,Onion,Red,1450.0,1690.0,1570.0,58.520128976912446
2025-02-24,Maharashtra,Nashik,Nashik,Onion,Red,1400.0,1640.0,1520.0,49.465639007532864
2025-02-25,Maharashtra,Nashik,Nashik,Onion,Red,1434.0,1674.0,1554.0,40.062178254480955
2025-02-26,Maharashtra,Nashik,Nashik,Onion,Red,1307.0,1547.0,1427.0,40.54631179586099
2025-02-27,Maharashtra,Nashik,Nashik,Onion,Red,1455.0,1695.0,1575.0,48.488769465317624
2025-02-28,Maharashtra,Nashik,Nashik,Onion,Red,1223.0,1463.0,1343.0,25.762662688304477
2025-03-01,Maharashtra,Nashik,Nashik,Onion,Red,1385.0,1625.0,1505.0,51.80476783074357
2025-03-02,Maharashtra,Nashik,Nashik,Onion,Red,1451.0,1691.0,1571.0,56.64432023980076
2025-03-03,Maharashtra,Nashik,Nashik,Onion,Red,1541.0,1781.0,1661.0,46.88105151484137
2025-03-04,Maharashtra,Nashik,Nashik,Onion,Red,1429.0,1669.0,1549.0,45.05597630590402
2025-03-05,Maharashtra,Nashik,Nashik,Onion,Red,1507.0,1747.0,1627.0,51.81967258568661
2025-03-06,Maharashtra,Nashik,Nashik,Onion,Red,1399.0,1639.0,1519.0,53.50644067039895
2025-03-07,Maharashtra,Nashik,Nashik,Onion,Red,1375.0,1615.0,1495.0,60.94151751865899
2025-03-08,Maharashtra,Nashik,Nashik,Onion,Red,1384.0,1624.0,1504.0,50.183966792131486
2025-03-09,Maharashtra,Nashik,Nashik,Onion,Red,1564.0,1804.0,1684.0,43.10242348466155
2025-03-10,Maharashtra,Nashik,Nashik,Onion,Red,1526.0,1766.0,1646.0,45.387349540276496
2025-03-11,Maharashtra,Nashik,Nashik,Onion,Red,1489.0,1729.0,1609.0,51.81945741860085
2025-03-12,Maharashtra,Nashik,Nashik,Onion,Red,1720.0,1960.0,1840.0,65.5620037499693
2025-03-13,Maharashtra,Nashik,Nashik,Onion,Red,1455.0,1695.0,1575.0,46.797266952123046
2025-03-14,Maharashtra,Nashik,Nashik,Onion,Red,1511.0,1751.0,1631.0,39.4747334059867
2025-03-15,Maharashtra,Nashik,Nashik,Onion,Red,1490.0,1730.0,1610.0,41.298933798673
2025-03-16,Maharashtra,Nashik,Nashik,Onion,Red,1451.0,1691.0,1571.0,29.03665393776846
2025-03-17,Maharashtra,Nashik,Nashik,Onion,Red,1658.0,1898.0,1778.0,53.29793997681041
2025-03-18,Maharashtra,Nashik,Nashik,Onion,Red,1597.0,1837.0,1717.0,36.38675710717802
2025-03-19,Maharashtra,Nashik,Nashik,Onion,Red,1369.0,1609.0,1489.0,37.664904723874216
2025-03-20,Maharashtra,Nashik,Nashik,Onion,Red,1452.0,1692.0,1572.0,30.239853858452964
2025-03-21,Maharashtra,Nashik,Nashik,Onion,Red,1522.0,1762.0,1642.0,38.82011620416975
2025-03-22,Maharashtra,Nashik,Nashik,Onion,Red,1555.0,1795.0,1675.0,55.68414476937818
2025-03-23,Maharashtra,Nashik,Nashik,Onion,Red,1388.0,1628.0,1508.0,36.886458833747554
2025-03-24,Maharashtra,Nashik,Nashik,Onion,Red,1319.0,1559.0,1439.0,32.5035766326397
2025-03-25,Maharashtra,Nashik,Nashik,Onion,Red,1351.0,1591.0,1471.0,51.782631339698675
2025-03-26,Maharashtra,Nashik,Nashik,Onion,Red,1502.0,1742.0,1622.0,46.58828711063987
2025-03-27,Maharashtra,Nashik,Nashik,Onion,Red,1503.0,1743.0,1623.0,54.321900135202796
2025-03-28,Maharashtra,Nashik,Nashik,Onion,Red,1443.0,1683.0,1563.0,57.40559804907838
2025-03-29,Maharashtra,Nashik,Nashik,Onion,Red,1357.0,1597.0,1477.0,49.91501069466886
2025-03-30,Maharashtra,Nashik,Nashik,Onion,Red,1325.0,1565.0,1445.0,37.02239173618172
2025-03-31,Maharashtra,Nashik,Nashik,Onion,Red,1265.0,1505.0,1385.0,48.76200038772936
2025-04-01,Maharashtra,Nashik,Nashik,Onion,Red,1457.0,1697.0,1577.0,55.00259480149979
2025-04-02,Maharashtra,Nashik,Nashik,Onion,Red,1464.0,1704.0,1584.0,44.170110429388
2025-04-03,Maharashtra,Nashik,Nashik,Onion,Red,1517.0,1757.0,1637.0,35.62538752287106
2025-04-04,Maharashtra,Nashik,Nashik,Onion,Red,1505.0,1745.0,1625.0,61.02612060875485
2025-04-05,Maharashtra,Nashik,Nashik,Onion,Red,1430.0,1670.0,1550.0,45.847523568155
2025-04-06,Maharashtra,Nashik,Nashik,Onion,Red,1557.0,1797.0,1677.0,45.90769987585221
2025-04-07,Maharashtra,Nashik,Nashik,Onion,Red,1442.0,1682.0,1562.0,50.159622417312
2025-04-08,Maharashtra,Nashik,Nashik,Onion,Red,1404.0,1644.0,1524.0,60.30472357509251
2025-04-09,Maharashtra,Nashik,Nashik,Onion,Red,1419.0,1659.0,1539.0,52.63619751956624
2025-04-10,Maharashtra,Nashik,Nashik,Onion,Red,1418.0,1658.0,1538.0,46.66774013642948
2025-04-11,Maharashtra,Nashik,Nashik,Onion,Red,1295.0,1535.0,1415.0,56.82133345265744
2025-04-12,Maharashtra,Nashik,Nashik,Onion,Red,1485.0,1725.0,1605.0,71.47024492807562
2025-04-13,Maharashtra,Nashik,Nashik,Onion,Red,1496.0,1736.0,1616.0,63.87786258105511
2025-04-14,Maharashtra,Nashik,Nashik,Onion,Red,1451.0,1691.0,1571.0,56.72871420677986
2025-04-15,Maharashtra,Nashik,Nashik,Onion,Red,1427.0,1667.0,1547.0,38.777195201429365
2025-04-16,Maharashtra,Nashik,Nashik,Onion,Red,1518.0,1758.0,1638.0,87.52058743065331
2025-04-17,Maharashtra,Nashik,Nashik,Onion,Red,1629.0,1869.0,1749.0,38.01342881328079
2025-04-18,Maharashtra,Nashik,Nashik,Onion,Red,1499.0,1739.0,1619.0,46.2819709648088
2025-04-19,Maharashtra,Nashik,Nashik,Onion,Red,1459.0,1699.0,1579.0,43.00110805771429
2025-04-20,Maharashtra,Nashik,Nashik,Onion,Red,1456.0,1696.0,1576.0,66.2689186152306
2025-04-21,Maharashtra,Nashik,Nashik,Onion,Red,1501.0,1741.0,1621.0,54.20240075475803
2025-04-22,Maharashtra,Nashik,Nashik,Onion,Red,1410.0,1650.0,1530.0,35.72875037146415
2025-04-23,Maharashtra,Nashik,Nashik,Onion,Red,1505.0,1745.0,1625.0,52.675871772612254
2025-04-24,Maharashtra,Nashik,Nashik,Onion,Red,1523.0,1763.0,1643.0,55.46905667848939
2025-04-25,Maharashtra,Nashik,Nashik,Onion,Red,1670.0,1910.0,1790.0,46.815169764412865
2025-04-26,Maharashtra,Nashik,Nashik,Onion,Red,1602.0,1842.0,1722.0,37.79810210685466
2025-04-27,Maharashtra,Nashik,Nashik,Onion,Red,1513.0,1753.0,1633.0,42.74966582038485
2025-04-28,Maharashtra,Nashik,Nashik,Onion,Red,1377.0,1617.0,1497.0,45.631509808755986
2025-04-29,Maharashtra,Nashik,Nashik,Onion,Red,1491.0,1731.0,1611.0,50.22731528940041
2025-04-30,Maharashtra,Nashik,Nashik,Onion,Red,1350.0,1590.0,1470.0,44.800900503032594
2025-05-01,Maharashtra,Nashik,Nashik,Onion,Red,1470.0,1710.0,1590.0,57.352204042444505
2025-05-02,Maharashtra,Nashik,Nashik,Onion,Red,1483.0,1723.0,1603.0,40.500525019471546
2025-05-03,Maharashtra,Nashik,Nashik,Onion,Red,1392.0,1632.0,1512.0,32.6861313149086
2025-05-04,Maharashtra,Nashik,Nashik,Onion,Red,1617.0,1857.0,1737.0,42.6060655613076
2025-05-05,Maharashtra,Nashik,Nashik,Onion,Red,1506.0,1746.0,1626.0,63.48890646381451
2025-05-06,Maharashtra,Nashik,Nashik,Onion,Red,1312.0,1552.0,1432.0,44.26843692849313
2025-05-07,Maharashtra,Nashik,Nashik,Onion,Red,1513.0,1753.0,1633.0,73.40808887791223
2025-05-08,Maharashtra,Nashik,Nashik,Onion,Red,1440.0,1680.0,1560.0,54.914842343848605
2025-05-09,Maharashtra,Nashik,Nashik,Onion,Red,1476.0,1716.0,1596.0,38.35573935755674
2025-05-10,Maharashtra,Nashik,Nashik,Onion,Red,1517.0,1757.0,1637.0,41.65713803216842
2025-05-11,Maharashtra,Nashik,Nashik,Onion,Red,1515.0,1755.0,1635.0,52.43372471393813
2025-05-12,Maharashtra,Nashik,Nashik,Onion,Red,1324.0,1564.0,1444.0,38.2235607771522
2025-05-13,Maharashtra,Nashik,Nashik,Onion,Red,1399.0,1639.0,1519.0,73.745786530316
2025-05-14,Maharashtra,Nashik,Nashik,Onion,Red,1557.0,1797.0,1677.0,40.091092191067794
2025-05-15,Maharashtra,Nashik,Nashik,Onion,Red,1603.0,1843.0,1723.0,56.809434559506826
2025-05-16,Maharashtra,Nashik,Nashik,Onion,Red,1655.0,1895.0,1775.0,64.60129890260143
2025-05-17,Maharashtra,Nashik,Nashik,Onion,Red,1651.0,1891.0,1771.0,48.907995929953266
2025-05-18,Maharashtra,Nashik,Nashik,Onion,Red,1346.0,1586.0,1466.0,40.041388746184914
2025-05-19,Maharashtra,Nashik,Nashik,Onion,Red,1576.0,1816.0,1696.0,47.26933657725383
2025-05-20,Maharashtra,Nashik,Nashik,Onion,Red,1365.0,1605.0,1485.0,53.62216397467407
2025-05-21,Maharashtra,Nashik,Nashik,Onion,Red,1651.0,1891.0,1771.0,58.75752092861522
2025-05-22,Maharashtra,Nashik,Nashik,Onion,Red,1546.0,1786.0,1666.0,50.56716935996249
2025-05-23,Maharashtra,Nashik,Nashik,Onion,Red,1438.0,1678.0,1558.0,35.99777574019146
2025-05-24,Maharashtra,Nashik,Nashik,Onion,Red,1694.0,1934.0,1814.0,50.423239066097054
2025-05-25,Maharashtra,Nashik,Nashik,Onion,Red,1589.0,1829.0,1709.0,43.26641828447504
2025-05-26,Maharashtra,Nashik,Nashik,Onion,Red,1390.0,1630.0,1510.0,28.167641625745915
2025-05-27,Maharashtra,Nashik,Nashik,Onion,Red,1468.0,1708.0,1588.0,43.02439811836219
2025-05-28,Maharashtra,Nashik,Nashik,Onion,Red,1390.0,1630.0,1510.0,35.67549325212076
2025-05-29,Maharashtra,Nashik,Nashik,Onion,Red,1462.0,1702.0,1582.0,55.868544072685125
2025-05-30,Maharashtra,Nashik,Nashik,Onion,Red,1419.0,1659.0,1539.0,69.44164754041078
2025-05-31,Maharashtra,Nashik,Nashik,Onion,Red,1570.0,1810.0,1690.0,68.58753656760396
2025-06-01,Maharashtra,Nashik,Nashik,Onion,Red,1350.0,1590.0,1470.0,44.267912555512076
2025-06-02,Maharashtra,Nashik,Nashik,Onion,Red,1493.0,1733.0,1613.0,45.32605629776729
2025-06-03,Maharashtra,Nashik,Nashik,Onion,Red,1617.0,1857.0,1737.0,56.88781999323836
2025-06-04,Maharashtra,Nashik,Nashik,Onion,Red,1410.0,1650.0,1530.0,60.61285612072863
2025-06-05,Maharashtra,Nashik,Nashik,Onion,Red,1496.0,1736.0,1616.0,45.812614134403134
2025-06-06,Maharashtra,Nashik,Nashik,Onion,Red,1499.0,1739.0,1619.0,48.573640617284234
2025-06-07,Maharashtra,Nashik,Nashik,Onion,Red,1432.0,1672.0,1552.0,72.06929349152892
2025-06-08,Maharashtra,Nashik,Nashik,Onion,Red,1543.0,1783.0,1663.0,48.9254848111278
2025-06-09,Maharashtra,Nashik,Nashik,Onion,Red,1503.0,1743.0,1623.0,45.146785577088544
2025-06-10,Maharashtra,Nashik,Nashik,Onion,Red,1423.0,1663.0,1543.0,51.199139838749566
2025-06-11,Maharashtra,Nashik,Nashik,Onion,Red,1643.0,1883.0,1763.0,55.797023621298564
2025-06-12,Maharashtra,Nashik,Nashik,Onion,Red,1570.0,1810.0,1690.0,39.783581427814184
2025-06-13,Maharashtra,Nashik,Nashik,Onion,Red,1497.0,1737.0,1617.0,47.51597194329778
2025-06-14,Maharashtra,Nashik,Nashik,Onion,Red,1463.0,1703.0,1583.0,38.336393812815125
2025-06-15,Maharashtra,Nashik,Nashik,Onion,Red,1455.0,1695.0,1575.0,47.217364464994255
2025-06-16,Maharashtra,Nashik,Nashik,Onion,Red,1620.0,1860.0,1740.0,68.76924528780103
2025-06-17,Maharashtra,Nashik,Nashik,Onion,Red,1514.0,1754.0,1634.0,57.4172217866789
2025-06-18,Maharashtra,Nashik,Nashik,Onion,Red,1566.0,1806.0,1686.0,49.07456749281341
2025-06-19,Maharashtra,Nashik,Nashik,Onion,Red,1518.0,1758.0,1638.0,40.6688797441363
2025-06-20,Maharashtra,Nashik,Nashik,Onion,Red,1586.0,1826.0,1706.0,46.88592040520837
2025-06-21,Maharashtra,Nashik,Nashik,Onion,Red,1532.0,1772.0,1652.0,60.50733327745206
2025-06-22,Maharashtra,Nashik,Nashik,Onion,Red,1606.0,1846.0,1726.0,44.38313189699331
2025-06-23,Maharashtra,Nashik,Nashik,Onion,Red,1534.0,1774.0,1654.0,64.5042065752013
2025-06-24,Maharashtra,Nashik,Nashik,Onion,Red,1619.0,1859.0,1739.0,36.263636447381685
2025-06-25,Maharashtra,Nashik,Nashik,Onion,Red,1610.0,1850.0,1730.0,47.099537067147935
2025-06-26,Maharashtra,Nashik,Nashik,Onion,Red,1451.0,1691.0,1571.0,67.42764333284221
2025-06-27,Maharashtra,Nashik,Nashik,Onion,Red,1395.0,1635.0,1515.0,29.9216123094632
2025-06-28,Maharashtra,Nashik,Nashik,Onion,Red,1392.0,1632.0,1512.0,61.8841315734982
2025-06-29,Maharashtra,Nashik,Nashik,Onion,Red,1412.0,1652.0,1532.0,31.48622925359569
2025-06-30,Maharashtra,Nashik,Nashik,Onion,Red,1397.0,1637.0,1517.0,49.09920152934011
2025-07-01,Maharashtra,Nashik,Nashik,Onion,Red,1548.0,1788.0,1668.0,48.274652615889195
2025-07-02,Maharashtra,Nashik,Nashik,Onion,Red,1479.0,1719.0,1599.0,58.242934907117544
2025-07-03,Maharashtra,Nashik,Nashik,Onion,Red,1612.0,1852.0,1732.0,18.454568538756178
2025-07-04,Maharashtra,Nashik,Nashik,Onion,Red,1673.0,1913.0,1793.0,30.821901871487032
2025-07-05,Maharashtra,Nashik,Nashik,Onion,Red,1496.0,1736.0,1616.0,44.33983706366219
2025-07-06,Maharashtra,Nashik,Nashik,Onion,Red,1374.0,1614.0,1494.0,50.36895040275987
2025-07-07,Maharashtra,Nashik,Nashik,Onion,Red,1472.0,1712.0,1592.0,41.067831455408864
2025-07-08,Maharashtra,Nashik,Nashik,Onion,Red,1500.0,1740.0,1620.0,47.79133023446824
2025-07-09,Maharashtra,Nashik,Nashik,Onion,Red,1391.0,1631.0,1511.0,38.1382683318946
2025-07-10,Maharashtra,Nashik,Nashik,Onion,Red,1494.0,1734.0,1614.0,45.98727032728212
2025-07-11,Maharashtra,Nashik,Nashik,Onion,Red,1540.0,1780.0,1660.0,41.53233851309818
2025-07-12,Maharashtra,Nashik,Nashik,Onion,Red,1485.0,1725.0,1605.0,52.44021301013737
2025-07-13,Maharashtra,Nashik,Nashik,Onion,Red,1464.0,1704.0,1584.0,55.814198502426855
2025-07-14,Maharashtra,Nashik,Nashik,Onion,Red,1468.0,1708.0,1588.0,64.32930062807053
2025-07-15,Maharashtra,Nashik,Nashik,Onion,Red,1676.0,1916.0,1796.0,43.43581454783737
2025-07-16,Maharashtra,Nashik,Nashik,Onion,Red,1524.0,1764.0,1644.0,46.820081767476736
2025-07-17,Maharashtra,Nashik,Nashik,Onion,Red,1474.0,1714.0,1594.0,50.47745427442373
2025-07-18,Maharashtra,Nashik,Nashik,Onion,Red,1515.0,1755.0,1635.0,47.05080732909212
2025-07-19,Maharashtra,Nashik,Nashik,Onion,Red,1625.0,1865.0,1745.0,49.480094528981624
2025-07-20,Maharashtra,Nashik,Nashik,Onion,Red,1497.0,1737.0,1617.0,34.378212709717815
2025-07-21,Maharashtra,Nashik,Nashik,Onion,Red,1594.0,1834.0,1714.0,53.717548235701784
2025-07-22,Maharashtra,Nashik,Nashik,Onion,Red,1618.0,1858.0,1738.0,40.84808439698762
2025-07-23,Maharashtra,Nashik,Nashik,Onion,Red,1623.0,1863.0,1743.0,40.430384320033994
2025-07-24,Maharashtra,Nashik,Nashik,Onion,Red,1679.0,1919.0,1799.0,34.11873796097849
2025-07-25,Maharashtra,Nashik,Nashik,Onion,Red,1527.0,1767.0,1647.0,61.610016306614014
2025-07-26,Maharashtra,Nashik,Nashik,Onion,Red,1566.0,1806.0,1686.0,48.59390898702795
2025-07-27,Maharashtra,Nashik,Nashik,Onion,Red,1415.0,1655.0,1535.0,61.494919823800004
2025-07-28,Maharashtra,Nashik,Nashik,Onion,Red,1451.0,1691.0,1571.0,52.723016818481476
2025-07-29,Maharashtra,Nashik,Nashik,Onion,Red,1582.0,1822.0,1702.0,32.96639073704085
2025-07-30,Maharashtra,Nashik,Nashik,Onion,Red,1556.0,1796.0,1676.0,39.16303569105135
2025-07-31,Maharashtra,Nashik,Nashik,Onion,Red,1494.0,1734.0,1614.0,57.5793197394061
2025-08-01,Maharashtra,Nashik,Nashik,Onion,Red,1403.0,1643.0,1523.0,42.343172858089595
2025-08-02,Maharashtra,Nashik,Nashik,Onion,Red,1547.0,1787.0,1667.0,39.09655951125018
2025-08-03,Maharashtra,Nashik,Nashik,Onion,Red,1455.0,1695.0,1575.0,48.2062087172771
2025-08-04,Maharashtra,Nashik,Nashik,Onion,Red,1436.0,1676.0,1556.0,48.23032837243742
2025-08-05,Maharashtra,Nashik,Nashik,Onion,Red,1461.0,1701.0,1581.0,39.88132600906704
2025-08-06,Maharashtra,Nashik,Nashik,Onion,Red,1537.0,1777.0,1657.0,46.73854744386538
2025-08-07,Maharashtra,Nashik,Nashik,Onion,Red,1351.0,1591.0,1471.0,45.215073266636956
2025-08-08,Maharashtra,Nashik,Nashik,Onion,Red,1554.0,1794.0,1674.0,24.100103625410657
2025-08-09,Maharashtra,Nashik,Nashik,Onion,Red,1543.0,1783.0,1663.0,55.02663526953067
2025-08-10,Maharashtra,Nashik,Nashik,Onion,Red,1486.0,1726.0,1606.0,41.88625033646576
2025-08-11,Maharashtra,Nashik,Nashik,Onion,Red,1619.0,1859.0,1739.0,63.04439424758577
2025-08-12,Maharashtra,Nashik,Nashik,Onion,Red,1589.0,1829.0,1709.0,38.49875764740548
2025-08-13,Maharashtra,Nashik,Nashik,Onion,Red,1495.0,1735.0,1615.0,34.20401620278642
2025-08-14,Maharashtra,Nashik,Nashik,Onion,Red,1494.0,1734.0,1614.0,61.876239439866794
2025-08-15,Maharashtra,Nashik,Nashik,Onion,Red,1607.0,1847.0,1727.0,34.14944884203663
2025-08-16,Maharashtra,Nashik,Nashik,Onion,Red,1434.0,1674.0,1554.0,43.63825730620834
2025-08-17,Maharashtra,Nashik,Nashik,Onion,Red,1533.0,1773.0,1653.0,55.97336718485879
2025-08-18,Maharashtra,Nashik,Nashik,Onion,Red,1513.0,1753.0,1633.0,46.703538999451844
2025-08-19,Maharashtra,Nashik,Nashik,Onion,Red,1573.0,1813.0,1693.0,33.44528031090765
2025-08-20,Maharashtra,Nashik,Nashik,Onion,Red,1588.0,1828.0,1708.0,51.88035234611635
2025-08-21,Maharashtra,Nashik,Nashik,Onion,Red,1578.0,1818.0,1698.0,48.05677088828756
2025-08-22,Maharashtra,Nashik,Nashik,Onion,Red,1669.0,1909.0,1789.0,62.83855064067713
2025-08-23,Maharashtra,Nashik,Nashik,Onion,Red,1601.0,1841.0,1721.0,55.88647904010331
2025-08-24,Maharashtra,Nashik,Nashik,Onion,Red,1561.0,1801.0,1681.0,80.35714298111556
2025-08-25,Maharashtra,Nashik,Nashik,Onion,Red,1393.0,1633.0,1513.0,33.54105964020524
2025-08-26,Maharashtra,Nashik,Nashik,Onion,Red,1552.0,1792.0,1672.0,49.78325246705209
2025-08-27,Maharashtra,Nashik,Nashik,Onion,Red,1540.0,1780.0,1660.0,39.33345508966216
2025-08-28,Maharashtra,Nashik,Nashik,Onion,Red,1618.0,1858.0,1738.0,61.54750500832011
2025-08-29,Maharashtra,Nashik,Nashik,Onion,Red,1446.0,1686.0,1566.0,58.21837977753485
2025-08-30,Maharashtra,Nashik,Nashik,Onion,Red,1511.0,1751.0,1631.0,57.540378265510654
2025-08-31,Maharashtra,Nashik,Nashik,Onion,Red,1508.0,1748.0,1628.0,42.22668043414613
2025-09-01,Maharashtra,Nashik,Nashik,Onion,Red,1510.0,1750.0,1630.0,42.54848424616438
2025-09-02,Maharashtra,Nashik,Nashik,Onion,Red,1521.0,1761.0,1641.0,29.703201123364988
2025-09-03,Maharashtra,Nashik,Nashik,Onion,Red,1387.0,1627.0,1507.0,67.09500141908859
2025-09-04,Maharashtra,Nashik,Nashik,Onion,Red,1594.0,1834.0,1714.0,55.082192942963246
2025-09-05,Maharashtra,Nashik,Nashik,Onion,Red,1584.0,1824.0,1704.0,47.39140049480412
2025-09-06,Maharashtra,Nashik,Nashik,Onion,Red,1626.0,1866.0,1746.0,59.33515343539
2025-09-07,Maharashtra,Nashik,Nashik,Onion,Red,1720.0,1960.0,1840.0,57.50915536634359
2025-09-08,Maharashtra,Nashik,Nashik,Onion,Red,1518.0,1758.0,1638.0,59.75264194737473
